use ssafyhome;

-- member
INSERT INTO member(email, name, password, phone, role)
VALUES
  ('ssafy@naver.com', 'ssafy', '{bcrypt}$2a$10$dM53gUrgeTOFNh02Jp69ceTx5Xr1H5Kset2tq6ciaCmeMVcFmIEMG', '010-1234-1235', 'ADMIN'),
  ('ssafy1@naver.com', 'ssafy1', '{bcrypt}$2a$10$dM53gUrgeTOFNh02Jp69ceTx5Xr1H5Kset2tq6ciaCmeMVcFmIEMG', '010-1234-1235', 'USER'),
  ('ssafy2@naver.com', 'ssafy2', '{bcrypt}$2a$10$dM53gUrgeTOFNh02Jp69ceTx5Xr1H5Kset2tq6ciaCmeMVcFmIEMG', '010-1234-1235', 'USER'),
  ('ssafy3@naver.com', 'ssafy3', '{bcrypt}$2a$10$dM53gUrgeTOFNh02Jp69ceTx5Xr1H5Kset2tq6ciaCmeMVcFmIEMG', '010-1234-1235', 'USER'),
  ('ssafy4@naver.com', 'ssafy4', '{bcrypt}$2a$10$dM53gUrgeTOFNh02Jp69ceTx5Xr1H5Kset2tq6ciaCmeMVcFmIEMG', '010-1234-1235', 'USER'),
  ('ssafy5@naver.com', 'ssafy5', '{bcrypt}$2a$10$dM53gUrgeTOFNh02Jp69ceTx5Xr1H5Kset2tq6ciaCmeMVcFmIEMG', '010-1234-1235', 'USER'),
  ('ssafy6@naver.com', 'ssafy6', '{bcrypt}$2a$10$dM53gUrgeTOFNh02Jp69ceTx5Xr1H5Kset2tq6ciaCmeMVcFmIEMG', '010-1234-1235', 'USER'),
  ('ssafy7@naver.com', 'ssafy7', '{bcrypt}$2a$10$dM53gUrgeTOFNh02Jp69ceTx5Xr1H5Kset2tq6ciaCmeMVcFmIEMG', '010-1234-1235', 'USER'),
  ('ssafy8@naver.com', 'ssafy8', '{bcrypt}$2a$10$dM53gUrgeTOFNh02Jp69ceTx5Xr1H5Kset2tq6ciaCmeMVcFmIEMG', '010-1234-1235', 'USER'),
  ('ssafy9@naver.com', 'ssafy9', '{bcrypt}$2a$10$dM53gUrgeTOFNh02Jp69ceTx5Xr1H5Kset2tq6ciaCmeMVcFmIEMG', '010-1234-1235', 'USER'),
  ('ssafy10@naver.com', 'ssafy10', '{bcrypt}$2a$10$dM53gUrgeTOFNh02Jp69ceTx5Xr1H5Kset2tq6ciaCmeMVcFmIEMG', '010-1234-1235', 'USER'),
  ('ssafy11@naver.com', 'ssafy11', '{bcrypt}$2a$10$dM53gUrgeTOFNh02Jp69ceTx5Xr1H5Kset2tq6ciaCmeMVcFmIEMG', '010-1234-1235', 'USER'),
  ('ssafy12@naver.com', 'ssafy12', '{bcrypt}$2a$10$dM53gUrgeTOFNh02Jp69ceTx5Xr1H5Kset2tq6ciaCmeMVcFmIEMG', '010-1234-1235', 'USER'),
  ('ssafy13@naver.com', 'ssafy13', '{bcrypt}$2a$10$dM53gUrgeTOFNh02Jp69ceTx5Xr1H5Kset2tq6ciaCmeMVcFmIEMG', '010-1234-1235', 'USER'),
  ('ssafy14@naver.com', 'ssafy14', '{bcrypt}$2a$10$dM53gUrgeTOFNh02Jp69ceTx5Xr1H5Kset2tq6ciaCmeMVcFmIEMG', '010-1234-1235', 'USER'),
  ('ssafy15@naver.com', 'ssafy15', '{bcrypt}$2a$10$dM53gUrgeTOFNh02Jp69ceTx5Xr1H5Kset2tq6ciaCmeMVcFmIEMG', '010-1234-1235', 'USER'),
  ('ssafy16@naver.com', 'ssafy16', '{bcrypt}$2a$10$dM53gUrgeTOFNh02Jp69ceTx5Xr1H5Kset2tq6ciaCmeMVcFmIEMG', '010-1234-1235', 'USER'),
  ('ssafy17@naver.com', 'ssafy17', '{bcrypt}$2a$10$dM53gUrgeTOFNh02Jp69ceTx5Xr1H5Kset2tq6ciaCmeMVcFmIEMG', '010-1234-1235', 'USER'),
  ('ssafy18@naver.com', 'ssafy18', '{bcrypt}$2a$10$dM53gUrgeTOFNh02Jp69ceTx5Xr1H5Kset2tq6ciaCmeMVcFmIEMG', '010-1234-1235', 'USER'),
  ('ssafy19@naver.com', 'ssafy19', '{bcrypt}$2a$10$dM53gUrgeTOFNh02Jp69ceTx5Xr1H5Kset2tq6ciaCmeMVcFmIEMG', '010-1234-1235', 'USER'),
  ('ssafy20@naver.com', 'ssafy20', '{bcrypt}$2a$10$dM53gUrgeTOFNh02Jp69ceTx5Xr1H5Kset2tq6ciaCmeMVcFmIEMG', '010-1234-1235', 'USER'),
  ('ssafy21@naver.com', 'ssafy21', '{bcrypt}$2a$10$dM53gUrgeTOFNh02Jp69ceTx5Xr1H5Kset2tq6ciaCmeMVcFmIEMG', '010-1234-1235', 'USER'),
  ('ssafy22@naver.com', 'ssafy22', '{bcrypt}$2a$10$dM53gUrgeTOFNh02Jp69ceTx5Xr1H5Kset2tq6ciaCmeMVcFmIEMG', '010-1234-1235', 'USER'),
  ('ssafy23@naver.com', 'ssafy23', '{bcrypt}$2a$10$dM53gUrgeTOFNh02Jp69ceTx5Xr1H5Kset2tq6ciaCmeMVcFmIEMG', '010-1234-1235', 'USER'),
  ('ssafy24@naver.com', 'ssafy24', '{bcrypt}$2a$10$dM53gUrgeTOFNh02Jp69ceTx5Xr1H5Kset2tq6ciaCmeMVcFmIEMG', '010-1234-1235', 'USER'),
  ('ssafy25@naver.com', 'ssafy25', '{bcrypt}$2a$10$dM53gUrgeTOFNh02Jp69ceTx5Xr1H5Kset2tq6ciaCmeMVcFmIEMG', '010-1234-1235', 'USER'),
  ('ssafy26@naver.com', 'ssafy26', '{bcrypt}$2a$10$dM53gUrgeTOFNh02Jp69ceTx5Xr1H5Kset2tq6ciaCmeMVcFmIEMG', '010-1234-1235', 'USER'),
  ('ssafy27@naver.com', 'ssafy27', '{bcrypt}$2a$10$dM53gUrgeTOFNh02Jp69ceTx5Xr1H5Kset2tq6ciaCmeMVcFmIEMG', '010-1234-1235', 'USER'),
  ('ssafy28@naver.com', 'ssafy28', '{bcrypt}$2a$10$dM53gUrgeTOFNh02Jp69ceTx5Xr1H5Kset2tq6ciaCmeMVcFmIEMG', '010-1234-1235', 'USER'),
  ('ssafy29@naver.com', 'ssafy29', '{bcrypt}$2a$10$dM53gUrgeTOFNh02Jp69ceTx5Xr1H5Kset2tq6ciaCmeMVcFmIEMG', '010-1234-1235', 'USER'),
  ('ssafy30@naver.com', 'ssafy30', '{bcrypt}$2a$10$dM53gUrgeTOFNh02Jp69ceTx5Xr1H5Kset2tq6ciaCmeMVcFmIEMG', '010-1234-1235', 'USER');

-- category
insert into post_category
values
	(1, 'notice'),
    (2, 'Q&A'),
    (3, 'general');

INSERT INTO board (`category_id`, `title`, `content`, `user_id`, `view_count`, `reg_date`)
VALUES
    (1, "title", "content", 1, 0, DATE_SUB(CURDATE(), INTERVAL 365 DAY)),
    (1, "title1", "content1", 2, 0, DATE_SUB(CURDATE(), INTERVAL 364 DAY)),
    (1, "title2", "content2", 3, 0, DATE_SUB(CURDATE(), INTERVAL 363 DAY)),
    (1, "title3", "content3", 4, 0, DATE_SUB(CURDATE(), INTERVAL 362 DAY)),
    (1, "title4", "content4", 5, 0, DATE_SUB(CURDATE(), INTERVAL 361 DAY)),
    (1, "title5", "content5", 6, 0, DATE_SUB(CURDATE(), INTERVAL 360 DAY)),
    (1, "title6", "content6", 7, 0, DATE_SUB(CURDATE(), INTERVAL 359 DAY)),
    (1, "title7", "content7", 8, 0, DATE_SUB(CURDATE(), INTERVAL 358 DAY)),
    (1, "title8", "content8", 9, 0, DATE_SUB(CURDATE(), INTERVAL 357 DAY)),
    (1, "title9", "content9", 10, 0, DATE_SUB(CURDATE(), INTERVAL 356 DAY)),

    (2, "title10", "content10", 11, 0, DATE_SUB(CURDATE(), INTERVAL 355 DAY)),
    (2, "title11", "content11", 12, 0, DATE_SUB(CURDATE(), INTERVAL 354 DAY)),
    (2, "title12", "content12", 13, 0, DATE_SUB(CURDATE(), INTERVAL 353 DAY)),
    (2, "title13", "content13", 14, 0, DATE_SUB(CURDATE(), INTERVAL 352 DAY)),
    (2, "title14", "content14", 15, 0, DATE_SUB(CURDATE(), INTERVAL 351 DAY)),
    (2, "title15", "content15", 16, 0, DATE_SUB(CURDATE(), INTERVAL 350 DAY)),
    (2, "title16", "content16", 17, 0, DATE_SUB(CURDATE(), INTERVAL 349 DAY)),
    (2, "title17", "content17", 18, 0, DATE_SUB(CURDATE(), INTERVAL 348 DAY)),
    (2, "title18", "content18", 19, 0, DATE_SUB(CURDATE(), INTERVAL 347 DAY)),
    (2, "title19", "content19", 20, 0, DATE_SUB(CURDATE(), INTERVAL 346 DAY)),

    (3, "title20", "content20", 21, 0, DATE_SUB(CURDATE(), INTERVAL 345 DAY)),
    (3, "title21", "content21", 22, 0, DATE_SUB(CURDATE(), INTERVAL 344 DAY)),
    (3, "title22", "content22", 23, 0, DATE_SUB(CURDATE(), INTERVAL 343 DAY)),
    (3, "title23", "content23", 24, 0, DATE_SUB(CURDATE(), INTERVAL 342 DAY)),
    (3, "title24", "content24", 25, 0, DATE_SUB(CURDATE(), INTERVAL 341 DAY)),
    (3, "title25", "content25", 26, 0, DATE_SUB(CURDATE(), INTERVAL 340 DAY)),
    (3, "title26", "content26", 27, 0, DATE_SUB(CURDATE(), INTERVAL 339 DAY)),
    (3, "title27", "content27", 28, 0, DATE_SUB(CURDATE(), INTERVAL 338 DAY)),
    (3, "title28", "content28", 29, 0, DATE_SUB(CURDATE(), INTERVAL 337 DAY)),
    (3, "title29", "content29", 30, 0, DATE_SUB(CURDATE(), INTERVAL 336 DAY));

