use ssafyhome;
INSERT INTO property (
        apt_seq, member_id, title, type, net_area, supply_area, floor, total_floor, rooms, bathrooms,
        direction, elevator, parking_available, immediate_move_in, structure_type, description, registered_at
    ) VALUES (
        '11110-101', 15, '테스트 매물 1', '매매', 64.05, 74.18, 12, 17,
        4, 2, '남', 0, 1, 1, '계단식', '매매용 테스트 매물입니다.', '2024-06-06 01:42:02'
    );
INSERT INTO property (
        apt_seq, member_id, title, type, net_area, supply_area, floor, total_floor, rooms, bathrooms,
        direction, elevator, parking_available, immediate_move_in, structure_type, description, registered_at
    ) VALUES (
        '11110-117', 21, '테스트 매물 2', '전세', 85.24, 103.21, 2, 16,
        2, 2, '북동', 0, 1, 1, '계단식', '전세용 테스트 매물입니다.', '2024-10-20 01:42:02'
    );
INSERT INTO property (
        apt_seq, member_id, title, type, net_area, supply_area, floor, total_floor, rooms, bathrooms,
        direction, elevator, parking_available, immediate_move_in, structure_type, description, registered_at
    ) VALUES (
        '11110-105', 14, '테스트 매물 3', '매매', 114.55, 135.63, 11, 24,
        4, 2, '북동', 1, 1, 0, '계단식', '매매용 테스트 매물입니다.', '2024-10-29 01:42:02'
    );
INSERT INTO property (
        apt_seq, member_id, title, type, net_area, supply_area, floor, total_floor, rooms, bathrooms,
        direction, elevator, parking_available, immediate_move_in, structure_type, description, registered_at
    ) VALUES (
        '11110-117', 17, '테스트 매물 4', '월세', 86.04, 97.52, 13, 22,
        5, 2, '동', 1, 0, 1, '복도식', '월세용 테스트 매물입니다.', '2025-01-05 01:42:02'
    );
INSERT INTO property (
        apt_seq, member_id, title, type, net_area, supply_area, floor, total_floor, rooms, bathrooms,
        direction, elevator, parking_available, immediate_move_in, structure_type, description, registered_at
    ) VALUES (
        '11110-101', 2, '테스트 매물 5', '월세', 101.32, 130.85, 19, 23,
        4, 3, '동', 1, 1, 0, '복도식', '월세용 테스트 매물입니다.', '2025-02-20 01:42:02'
    );
INSERT INTO property (
        apt_seq, member_id, title, type, net_area, supply_area, floor, total_floor, rooms, bathrooms,
        direction, elevator, parking_available, immediate_move_in, structure_type, description, registered_at
    ) VALUES (
        '11110-117', 2, '테스트 매물 6', '월세', 60.77, 72.59, 5, 8,
        3, 2, '북동', 1, 1, 0, '복도식', '월세용 테스트 매물입니다.', '2024-10-20 01:42:02'
    );
INSERT INTO property (
        apt_seq, member_id, title, type, net_area, supply_area, floor, total_floor, rooms, bathrooms,
        direction, elevator, parking_available, immediate_move_in, structure_type, description, registered_at
    ) VALUES (
        '11110-117', 28, '테스트 매물 7', '전세', 106.67, 119.91, 17, 24,
        4, 3, '남서', 1, 0, 1, '복도식', '전세용 테스트 매물입니다.', '2024-12-28 01:42:02'
    );
INSERT INTO property (
        apt_seq, member_id, title, type, net_area, supply_area, floor, total_floor, rooms, bathrooms,
        direction, elevator, parking_available, immediate_move_in, structure_type, description, registered_at
    ) VALUES (
        '11110-118', 5, '테스트 매물 8', '월세', 88.97, 102.75, 6, 22,
        5, 2, '북', 1, 0, 1, '계단식', '월세용 테스트 매물입니다.', '2024-06-14 01:42:02'
    );
INSERT INTO property (
        apt_seq, member_id, title, type, net_area, supply_area, floor, total_floor, rooms, bathrooms,
        direction, elevator, parking_available, immediate_move_in, structure_type, description, registered_at
    ) VALUES (
        '11110-118', 9, '테스트 매물 9', '월세', 68.73, 75.68, 16, 19,
        3, 1, '북서', 1, 1, 1, '복도식', '월세용 테스트 매물입니다.', '2024-06-29 01:42:02'
    );
INSERT INTO property (
        apt_seq, member_id, title, type, net_area, supply_area, floor, total_floor, rooms, bathrooms,
        direction, elevator, parking_available, immediate_move_in, structure_type, description, registered_at
    ) VALUES (
        '11110-111', 3, '테스트 매물 10', '월세', 77.29, 85.92, 9, 17,
        2, 2, '남동', 1, 1, 0, '복도식', '월세용 테스트 매물입니다.', '2024-06-08 01:42:02'
    );
INSERT INTO property (
        apt_seq, member_id, title, type, net_area, supply_area, floor, total_floor, rooms, bathrooms,
        direction, elevator, parking_available, immediate_move_in, structure_type, description, registered_at
    ) VALUES (
        '11110-100', 5, '테스트 매물 11', '전세', 75.97, 98.23, 11, 15,
        5, 3, '서', 0, 1, 1, '복도식', '전세용 테스트 매물입니다.', '2024-06-11 01:42:02'
    );
INSERT INTO property (
        apt_seq, member_id, title, type, net_area, supply_area, floor, total_floor, rooms, bathrooms,
        direction, elevator, parking_available, immediate_move_in, structure_type, description, registered_at
    ) VALUES (
        '11110-112', 10, '테스트 매물 12', '월세', 57.86, 68.36, 3, 21,
        2, 2, '북', 0, 1, 0, '복도식', '월세용 테스트 매물입니다.', '2024-08-09 01:42:02'
    );
INSERT INTO property (
        apt_seq, member_id, title, type, net_area, supply_area, floor, total_floor, rooms, bathrooms,
        direction, elevator, parking_available, immediate_move_in, structure_type, description, registered_at
    ) VALUES (
        '11110-116', 17, '테스트 매물 13', '매매', 77.81, 92.16, 3, 13,
        4, 3, '동', 1, 0, 0, '계단식', '매매용 테스트 매물입니다.', '2024-06-26 01:42:02'
    );
INSERT INTO property (
        apt_seq, member_id, title, type, net_area, supply_area, floor, total_floor, rooms, bathrooms,
        direction, elevator, parking_available, immediate_move_in, structure_type, description, registered_at
    ) VALUES (
        '11110-101', 26, '테스트 매물 14', '월세', 53.74, 61.9, 12, 23,
        3, 1, '남동', 1, 1, 0, '복도식', '월세용 테스트 매물입니다.', '2024-07-29 01:42:02'
    );
INSERT INTO property (
        apt_seq, member_id, title, type, net_area, supply_area, floor, total_floor, rooms, bathrooms,
        direction, elevator, parking_available, immediate_move_in, structure_type, description, registered_at
    ) VALUES (
        '11110-105', 6, '테스트 매물 15', '매매', 65.4, 83.54, 18, 18,
        4, 1, '북', 0, 1, 1, '복도식', '매매용 테스트 매물입니다.', '2024-11-05 01:42:02'
    );
INSERT INTO property (
        apt_seq, member_id, title, type, net_area, supply_area, floor, total_floor, rooms, bathrooms,
        direction, elevator, parking_available, immediate_move_in, structure_type, description, registered_at
    ) VALUES (
        '11110-12', 7, '테스트 매물 16', '전세', 95.63, 123.32, 9, 19,
        4, 2, '남', 0, 1, 0, '계단식', '전세용 테스트 매물입니다.', '2024-08-06 01:42:02'
    );
INSERT INTO property (
        apt_seq, member_id, title, type, net_area, supply_area, floor, total_floor, rooms, bathrooms,
        direction, elevator, parking_available, immediate_move_in, structure_type, description, registered_at
    ) VALUES (
        '11110-101', 22, '테스트 매물 17', '매매', 67.56, 81.24, 6, 18,
        4, 2, '북', 1, 0, 1, '복도식', '매매용 테스트 매물입니다.', '2025-04-24 01:42:02'
    );
INSERT INTO property (
        apt_seq, member_id, title, type, net_area, supply_area, floor, total_floor, rooms, bathrooms,
        direction, elevator, parking_available, immediate_move_in, structure_type, description, registered_at
    ) VALUES (
        '11110-100', 16, '테스트 매물 18', '전세', 63.14, 71.99, 17, 17,
        3, 2, '남', 0, 1, 1, '복도식', '전세용 테스트 매물입니다.', '2025-03-21 01:42:02'
    );
INSERT INTO property (
        apt_seq, member_id, title, type, net_area, supply_area, floor, total_floor, rooms, bathrooms,
        direction, elevator, parking_available, immediate_move_in, structure_type, description, registered_at
    ) VALUES (
        '11110-117', 13, '테스트 매물 19', '전세', 78.79, 101.23, 1, 25,
        2, 2, '동', 1, 1, 0, '복도식', '전세용 테스트 매물입니다.', '2025-02-06 01:42:02'
    );
INSERT INTO property (
        apt_seq, member_id, title, type, net_area, supply_area, floor, total_floor, rooms, bathrooms,
        direction, elevator, parking_available, immediate_move_in, structure_type, description, registered_at
    ) VALUES (
        '11110-100', 11, '테스트 매물 20', '월세', 103.39, 127.15, 16, 20,
        4, 1, '남', 0, 0, 0, '복도식', '월세용 테스트 매물입니다.', '2024-11-09 01:42:02'
    );
INSERT INTO property (
        apt_seq, member_id, title, type, net_area, supply_area, floor, total_floor, rooms, bathrooms,
        direction, elevator, parking_available, immediate_move_in, structure_type, description, registered_at
    ) VALUES (
        '11110-100', 3, '테스트 매물 21', '매매', 111.69, 140.56, 17, 20,
        5, 1, '서', 1, 0, 1, '복도식', '매매용 테스트 매물입니다.', '2024-07-18 01:42:02'
    );
INSERT INTO property (
        apt_seq, member_id, title, type, net_area, supply_area, floor, total_floor, rooms, bathrooms,
        direction, elevator, parking_available, immediate_move_in, structure_type, description, registered_at
    ) VALUES (
        '11110-101', 19, '테스트 매물 22', '월세', 83.16, 100.2, 19, 20,
        5, 1, '북동', 0, 0, 0, '계단식', '월세용 테스트 매물입니다.', '2024-11-12 01:42:02'
    );
INSERT INTO property (
        apt_seq, member_id, title, type, net_area, supply_area, floor, total_floor, rooms, bathrooms,
        direction, elevator, parking_available, immediate_move_in, structure_type, description, registered_at
    ) VALUES (
        '11110-115', 22, '테스트 매물 23', '월세', 101.31, 116.39, 10, 17,
        2, 3, '북동', 1, 1, 1, '복도식', '월세용 테스트 매물입니다.', '2024-06-14 01:42:02'
    );
INSERT INTO property (
        apt_seq, member_id, title, type, net_area, supply_area, floor, total_floor, rooms, bathrooms,
        direction, elevator, parking_available, immediate_move_in, structure_type, description, registered_at
    ) VALUES (
        '11110-102', 9, '테스트 매물 24', '월세', 95.61, 115.25, 11, 24,
        4, 3, '남동', 1, 0, 1, '복도식', '월세용 테스트 매물입니다.', '2025-03-04 01:42:02'
    );
INSERT INTO property (
        apt_seq, member_id, title, type, net_area, supply_area, floor, total_floor, rooms, bathrooms,
        direction, elevator, parking_available, immediate_move_in, structure_type, description, registered_at
    ) VALUES (
        '11110-12', 4, '테스트 매물 25', '매매', 102.89, 128.06, 20, 25,
        5, 3, '서', 1, 0, 0, '복도식', '매매용 테스트 매물입니다.', '2025-05-10 01:42:02'
    );
INSERT INTO property (
        apt_seq, member_id, title, type, net_area, supply_area, floor, total_floor, rooms, bathrooms,
        direction, elevator, parking_available, immediate_move_in, structure_type, description, registered_at
    ) VALUES (
        '11110-118', 3, '테스트 매물 26', '매매', 102.51, 129.28, 20, 24,
        2, 2, '남동', 1, 1, 0, '계단식', '매매용 테스트 매물입니다.', '2024-08-08 01:42:02'
    );
INSERT INTO property (
        apt_seq, member_id, title, type, net_area, supply_area, floor, total_floor, rooms, bathrooms,
        direction, elevator, parking_available, immediate_move_in, structure_type, description, registered_at
    ) VALUES (
        '11110-115', 12, '테스트 매물 27', '전세', 113.31, 129.68, 13, 20,
        2, 1, '남', 0, 0, 0, '계단식', '전세용 테스트 매물입니다.', '2024-05-26 01:42:02'
    );
INSERT INTO property (
        apt_seq, member_id, title, type, net_area, supply_area, floor, total_floor, rooms, bathrooms,
        direction, elevator, parking_available, immediate_move_in, structure_type, description, registered_at
    ) VALUES (
        '11110-115', 14, '테스트 매물 28', '전세', 80.14, 91.43, 6, 18,
        3, 2, '남', 1, 0, 1, '계단식', '전세용 테스트 매물입니다.', '2024-10-18 01:42:02'
    );
INSERT INTO property (
        apt_seq, member_id, title, type, net_area, supply_area, floor, total_floor, rooms, bathrooms,
        direction, elevator, parking_available, immediate_move_in, structure_type, description, registered_at
    ) VALUES (
        '11110-100', 24, '테스트 매물 29', '월세', 81.76, 92.59, 11, 18,
        3, 2, '남', 0, 0, 1, '계단식', '월세용 테스트 매물입니다.', '2025-03-03 01:42:02'
    );
INSERT INTO property (
        apt_seq, member_id, title, type, net_area, supply_area, floor, total_floor, rooms, bathrooms,
        direction, elevator, parking_available, immediate_move_in, structure_type, description, registered_at
    ) VALUES (
        '11110-112', 14, '테스트 매물 30', '매매', 86.76, 103.3, 15, 18,
        3, 1, '남서', 1, 0, 1, '계단식', '매매용 테스트 매물입니다.', '2024-10-23 01:42:02'
    );
INSERT INTO property_price (
        property_id, sale_price, deposit, monthly_rent, management_fee
    ) VALUES (
        1, 732083658, NULL, NULL, 160450
    );
INSERT INTO property_price (
        property_id, sale_price, deposit, monthly_rent, management_fee
    ) VALUES (
        2, NULL, 177988889, NULL, 233549
    );
INSERT INTO property_price (
        property_id, sale_price, deposit, monthly_rent, management_fee
    ) VALUES (
        3, 177177738, NULL, NULL, 217537
    );
INSERT INTO property_price (
        property_id, sale_price, deposit, monthly_rent, management_fee
    ) VALUES (
        4, NULL, 191335951, 1314962, 207750
    );
INSERT INTO property_price (
        property_id, sale_price, deposit, monthly_rent, management_fee
    ) VALUES (
        5, NULL, 171060137, 634009, 130561
    );
INSERT INTO property_price (
        property_id, sale_price, deposit, monthly_rent, management_fee
    ) VALUES (
        6, NULL, 125983711, 649079, 200514
    );
INSERT INTO property_price (
        property_id, sale_price, deposit, monthly_rent, management_fee
    ) VALUES (
        7, NULL, 202311691, NULL, 175053
    );
INSERT INTO property_price (
        property_id, sale_price, deposit, monthly_rent, management_fee
    ) VALUES (
        8, NULL, 105694534, 1415540, 68587
    );
INSERT INTO property_price (
        property_id, sale_price, deposit, monthly_rent, management_fee
    ) VALUES (
        9, NULL, 84822627, 1461841, 87763
    );
INSERT INTO property_price (
        property_id, sale_price, deposit, monthly_rent, management_fee
    ) VALUES (
        10, NULL, 153964259, 981002, 251566
    );
INSERT INTO property_price (
        property_id, sale_price, deposit, monthly_rent, management_fee
    ) VALUES (
        11, NULL, 305412677, NULL, 229481
    );
INSERT INTO property_price (
        property_id, sale_price, deposit, monthly_rent, management_fee
    ) VALUES (
        12, NULL, 133931406, 1475183, 258258
    );
INSERT INTO property_price (
        property_id, sale_price, deposit, monthly_rent, management_fee
    ) VALUES (
        13, 664268912, NULL, NULL, 151899
    );
INSERT INTO property_price (
        property_id, sale_price, deposit, monthly_rent, management_fee
    ) VALUES (
        14, NULL, 50933980, 1107683, 293129
    );
INSERT INTO property_price (
        property_id, sale_price, deposit, monthly_rent, management_fee
    ) VALUES (
        15, 757032220, NULL, NULL, 157570
    );
INSERT INTO property_price (
        property_id, sale_price, deposit, monthly_rent, management_fee
    ) VALUES (
        16, NULL, 414160744, NULL, 194302
    );
INSERT INTO property_price (
        property_id, sale_price, deposit, monthly_rent, management_fee
    ) VALUES (
        17, 688011483, NULL, NULL, 181223
    );
INSERT INTO property_price (
        property_id, sale_price, deposit, monthly_rent, management_fee
    ) VALUES (
        18, NULL, 284116338, NULL, 124014
    );
INSERT INTO property_price (
        property_id, sale_price, deposit, monthly_rent, management_fee
    ) VALUES (
        19, NULL, 480892882, NULL, 146017
    );
INSERT INTO property_price (
        property_id, sale_price, deposit, monthly_rent, management_fee
    ) VALUES (
        20, NULL, 148793985, 817545, 299950
    );
INSERT INTO property_price (
        property_id, sale_price, deposit, monthly_rent, management_fee
    ) VALUES (
        21, 698777828, NULL, NULL, 136082
    );
INSERT INTO property_price (
        property_id, sale_price, deposit, monthly_rent, management_fee
    ) VALUES (
        22, NULL, 129740862, 517472, 162739
    );
INSERT INTO property_price (
        property_id, sale_price, deposit, monthly_rent, management_fee
    ) VALUES (
        23, NULL, 108112237, 1342932, 207866
    );
INSERT INTO property_price (
        property_id, sale_price, deposit, monthly_rent, management_fee
    ) VALUES (
        24, NULL, 65868309, 1290348, 299361
    );
INSERT INTO property_price (
        property_id, sale_price, deposit, monthly_rent, management_fee
    ) VALUES (
        25, 360967908, NULL, NULL, 272973
    );
INSERT INTO property_price (
        property_id, sale_price, deposit, monthly_rent, management_fee
    ) VALUES (
        26, 609252693, NULL, NULL, 124618
    );
INSERT INTO property_price (
        property_id, sale_price, deposit, monthly_rent, management_fee
    ) VALUES (
        27, NULL, 333898724, NULL, 180657
    );
INSERT INTO property_price (
        property_id, sale_price, deposit, monthly_rent, management_fee
    ) VALUES (
        28, NULL, 485190170, NULL, 252623
    );
INSERT INTO property_price (
        property_id, sale_price, deposit, monthly_rent, management_fee
    ) VALUES (
        29, NULL, 131165427, 1051977, 55212
    );
INSERT INTO property_price (
        property_id, sale_price, deposit, monthly_rent, management_fee
    ) VALUES (
        30, 633113642, NULL, NULL, 263741
    );
INSERT INTO property_option_mapping (property_id, option_id) VALUES (1, 4);
INSERT INTO property_option_mapping (property_id, option_id) VALUES (1, 5);
INSERT INTO property_option_mapping (property_id, option_id) VALUES (1, 6);
INSERT INTO property_option_mapping (property_id, option_id) VALUES (1, 7);
INSERT INTO property_option_mapping (property_id, option_id) VALUES (1, 3);
INSERT INTO property_option_mapping (property_id, option_id) VALUES (2, 6);
INSERT INTO property_option_mapping (property_id, option_id) VALUES (2, 8);
INSERT INTO property_option_mapping (property_id, option_id) VALUES (2, 3);
INSERT INTO property_option_mapping (property_id, option_id) VALUES (3, 2);
INSERT INTO property_option_mapping (property_id, option_id) VALUES (3, 1);
INSERT INTO property_option_mapping (property_id, option_id) VALUES (4, 8);
INSERT INTO property_option_mapping (property_id, option_id) VALUES (4, 3);
INSERT INTO property_option_mapping (property_id, option_id) VALUES (5, 9);
INSERT INTO property_option_mapping (property_id, option_id) VALUES (5, 5);
INSERT INTO property_option_mapping (property_id, option_id) VALUES (5, 8);
INSERT INTO property_option_mapping (property_id, option_id) VALUES (5, 6);
INSERT INTO property_option_mapping (property_id, option_id) VALUES (5, 2);
INSERT INTO property_option_mapping (property_id, option_id) VALUES (6, 8);
INSERT INTO property_option_mapping (property_id, option_id) VALUES (6, 4);
INSERT INTO property_option_mapping (property_id, option_id) VALUES (6, 2);
INSERT INTO property_option_mapping (property_id, option_id) VALUES (6, 3);
INSERT INTO property_option_mapping (property_id, option_id) VALUES (6, 9);
INSERT INTO property_option_mapping (property_id, option_id) VALUES (7, 6);
INSERT INTO property_option_mapping (property_id, option_id) VALUES (7, 7);
INSERT INTO property_option_mapping (property_id, option_id) VALUES (7, 5);
INSERT INTO property_option_mapping (property_id, option_id) VALUES (7, 1);
INSERT INTO property_option_mapping (property_id, option_id) VALUES (7, 2);
INSERT INTO property_option_mapping (property_id, option_id) VALUES (8, 4);
INSERT INTO property_option_mapping (property_id, option_id) VALUES (8, 2);
INSERT INTO property_option_mapping (property_id, option_id) VALUES (8, 8);
INSERT INTO property_option_mapping (property_id, option_id) VALUES (9, 1);
INSERT INTO property_option_mapping (property_id, option_id) VALUES (9, 3);
INSERT INTO property_option_mapping (property_id, option_id) VALUES (10, 3);
INSERT INTO property_option_mapping (property_id, option_id) VALUES (10, 6);
INSERT INTO property_option_mapping (property_id, option_id) VALUES (11, 1);
INSERT INTO property_option_mapping (property_id, option_id) VALUES (11, 3);
INSERT INTO property_option_mapping (property_id, option_id) VALUES (11, 5);
INSERT INTO property_option_mapping (property_id, option_id) VALUES (11, 6);
INSERT INTO property_option_mapping (property_id, option_id) VALUES (12, 6);
INSERT INTO property_option_mapping (property_id, option_id) VALUES (12, 10);
INSERT INTO property_option_mapping (property_id, option_id) VALUES (12, 5);
INSERT INTO property_option_mapping (property_id, option_id) VALUES (12, 2);
INSERT INTO property_option_mapping (property_id, option_id) VALUES (12, 1);
INSERT INTO property_option_mapping (property_id, option_id) VALUES (13, 7);
INSERT INTO property_option_mapping (property_id, option_id) VALUES (13, 8);
INSERT INTO property_option_mapping (property_id, option_id) VALUES (13, 5);
INSERT INTO property_option_mapping (property_id, option_id) VALUES (14, 9);
INSERT INTO property_option_mapping (property_id, option_id) VALUES (14, 2);
INSERT INTO property_option_mapping (property_id, option_id) VALUES (15, 5);
INSERT INTO property_option_mapping (property_id, option_id) VALUES (15, 4);
INSERT INTO property_option_mapping (property_id, option_id) VALUES (15, 1);
INSERT INTO property_option_mapping (property_id, option_id) VALUES (16, 10);
INSERT INTO property_option_mapping (property_id, option_id) VALUES (16, 2);
INSERT INTO property_option_mapping (property_id, option_id) VALUES (16, 9);
INSERT INTO property_option_mapping (property_id, option_id) VALUES (17, 3);
INSERT INTO property_option_mapping (property_id, option_id) VALUES (17, 10);
INSERT INTO property_option_mapping (property_id, option_id) VALUES (18, 4);
INSERT INTO property_option_mapping (property_id, option_id) VALUES (18, 10);
INSERT INTO property_option_mapping (property_id, option_id) VALUES (18, 7);
INSERT INTO property_option_mapping (property_id, option_id) VALUES (19, 8);
INSERT INTO property_option_mapping (property_id, option_id) VALUES (19, 7);
INSERT INTO property_option_mapping (property_id, option_id) VALUES (19, 5);
INSERT INTO property_option_mapping (property_id, option_id) VALUES (20, 9);
INSERT INTO property_option_mapping (property_id, option_id) VALUES (20, 3);
INSERT INTO property_option_mapping (property_id, option_id) VALUES (21, 10);
INSERT INTO property_option_mapping (property_id, option_id) VALUES (21, 2);
INSERT INTO property_option_mapping (property_id, option_id) VALUES (21, 9);
INSERT INTO property_option_mapping (property_id, option_id) VALUES (21, 6);
INSERT INTO property_option_mapping (property_id, option_id) VALUES (22, 10);
INSERT INTO property_option_mapping (property_id, option_id) VALUES (22, 1);
INSERT INTO property_option_mapping (property_id, option_id) VALUES (22, 3);
INSERT INTO property_option_mapping (property_id, option_id) VALUES (23, 8);
INSERT INTO property_option_mapping (property_id, option_id) VALUES (23, 10);
INSERT INTO property_option_mapping (property_id, option_id) VALUES (23, 4);
INSERT INTO property_option_mapping (property_id, option_id) VALUES (24, 4);
INSERT INTO property_option_mapping (property_id, option_id) VALUES (24, 6);
INSERT INTO property_option_mapping (property_id, option_id) VALUES (25, 9);
INSERT INTO property_option_mapping (property_id, option_id) VALUES (25, 8);
INSERT INTO property_option_mapping (property_id, option_id) VALUES (25, 3);
INSERT INTO property_option_mapping (property_id, option_id) VALUES (25, 5);
INSERT INTO property_option_mapping (property_id, option_id) VALUES (25, 7);
INSERT INTO property_option_mapping (property_id, option_id) VALUES (26, 5);
INSERT INTO property_option_mapping (property_id, option_id) VALUES (26, 9);
INSERT INTO property_option_mapping (property_id, option_id) VALUES (26, 3);
INSERT INTO property_option_mapping (property_id, option_id) VALUES (26, 1);
INSERT INTO property_option_mapping (property_id, option_id) VALUES (26, 4);
INSERT INTO property_option_mapping (property_id, option_id) VALUES (27, 6);
INSERT INTO property_option_mapping (property_id, option_id) VALUES (27, 4);
INSERT INTO property_option_mapping (property_id, option_id) VALUES (27, 9);
INSERT INTO property_option_mapping (property_id, option_id) VALUES (27, 2);
INSERT INTO property_option_mapping (property_id, option_id) VALUES (27, 10);
INSERT INTO property_option_mapping (property_id, option_id) VALUES (28, 2);
INSERT INTO property_option_mapping (property_id, option_id) VALUES (28, 6);
INSERT INTO property_option_mapping (property_id, option_id) VALUES (28, 5);
INSERT INTO property_option_mapping (property_id, option_id) VALUES (29, 9);
INSERT INTO property_option_mapping (property_id, option_id) VALUES (29, 2);
INSERT INTO property_option_mapping (property_id, option_id) VALUES (29, 8);
INSERT INTO property_option_mapping (property_id, option_id) VALUES (29, 5);
INSERT INTO property_option_mapping (property_id, option_id) VALUES (30, 8);
INSERT INTO property_option_mapping (property_id, option_id) VALUES (30, 2);
INSERT INTO property_option_mapping (property_id, option_id) VALUES (30, 10);
INSERT INTO property_option_mapping (property_id, option_id) VALUES (30, 7);
INSERT INTO property_safety_mapping (property_id, safety_id) VALUES (1, 1);
INSERT INTO property_safety_mapping (property_id, safety_id) VALUES (1, 5);
INSERT INTO property_safety_mapping (property_id, safety_id) VALUES (1, 6);
INSERT INTO property_safety_mapping (property_id, safety_id) VALUES (2, 6);
INSERT INTO property_safety_mapping (property_id, safety_id) VALUES (2, 5);
INSERT INTO property_safety_mapping (property_id, safety_id) VALUES (3, 5);
INSERT INTO property_safety_mapping (property_id, safety_id) VALUES (3, 2);
INSERT INTO property_safety_mapping (property_id, safety_id) VALUES (4, 5);
INSERT INTO property_safety_mapping (property_id, safety_id) VALUES (4, 2);
INSERT INTO property_safety_mapping (property_id, safety_id) VALUES (5, 7);
INSERT INTO property_safety_mapping (property_id, safety_id) VALUES (5, 5);
INSERT INTO property_safety_mapping (property_id, safety_id) VALUES (5, 4);
INSERT INTO property_safety_mapping (property_id, safety_id) VALUES (6, 6);
INSERT INTO property_safety_mapping (property_id, safety_id) VALUES (6, 1);
INSERT INTO property_safety_mapping (property_id, safety_id) VALUES (6, 7);
INSERT INTO property_safety_mapping (property_id, safety_id) VALUES (7, 5);
INSERT INTO property_safety_mapping (property_id, safety_id) VALUES (7, 4);
INSERT INTO property_safety_mapping (property_id, safety_id) VALUES (7, 6);
INSERT INTO property_safety_mapping (property_id, safety_id) VALUES (8, 5);
INSERT INTO property_safety_mapping (property_id, safety_id) VALUES (8, 7);
INSERT INTO property_safety_mapping (property_id, safety_id) VALUES (8, 2);
INSERT INTO property_safety_mapping (property_id, safety_id) VALUES (9, 2);
INSERT INTO property_safety_mapping (property_id, safety_id) VALUES (10, 1);
INSERT INTO property_safety_mapping (property_id, safety_id) VALUES (10, 3);
INSERT INTO property_safety_mapping (property_id, safety_id) VALUES (11, 5);
INSERT INTO property_safety_mapping (property_id, safety_id) VALUES (11, 1);
INSERT INTO property_safety_mapping (property_id, safety_id) VALUES (12, 5);
INSERT INTO property_safety_mapping (property_id, safety_id) VALUES (12, 6);
INSERT INTO property_safety_mapping (property_id, safety_id) VALUES (13, 3);
INSERT INTO property_safety_mapping (property_id, safety_id) VALUES (13, 5);
INSERT INTO property_safety_mapping (property_id, safety_id) VALUES (13, 6);
INSERT INTO property_safety_mapping (property_id, safety_id) VALUES (14, 7);
INSERT INTO property_safety_mapping (property_id, safety_id) VALUES (14, 5);
INSERT INTO property_safety_mapping (property_id, safety_id) VALUES (15, 7);
INSERT INTO property_safety_mapping (property_id, safety_id) VALUES (15, 2);
INSERT INTO property_safety_mapping (property_id, safety_id) VALUES (16, 1);
INSERT INTO property_safety_mapping (property_id, safety_id) VALUES (16, 2);
INSERT INTO property_safety_mapping (property_id, safety_id) VALUES (16, 7);
INSERT INTO property_safety_mapping (property_id, safety_id) VALUES (17, 2);
INSERT INTO property_safety_mapping (property_id, safety_id) VALUES (18, 5);
INSERT INTO property_safety_mapping (property_id, safety_id) VALUES (19, 3);
INSERT INTO property_safety_mapping (property_id, safety_id) VALUES (19, 6);
INSERT INTO property_safety_mapping (property_id, safety_id) VALUES (19, 7);
INSERT INTO property_safety_mapping (property_id, safety_id) VALUES (20, 2);
INSERT INTO property_safety_mapping (property_id, safety_id) VALUES (20, 7);
INSERT INTO property_safety_mapping (property_id, safety_id) VALUES (21, 3);
INSERT INTO property_safety_mapping (property_id, safety_id) VALUES (22, 1);
INSERT INTO property_safety_mapping (property_id, safety_id) VALUES (22, 5);
INSERT INTO property_safety_mapping (property_id, safety_id) VALUES (23, 7);
INSERT INTO property_safety_mapping (property_id, safety_id) VALUES (23, 2);
INSERT INTO property_safety_mapping (property_id, safety_id) VALUES (23, 1);
INSERT INTO property_safety_mapping (property_id, safety_id) VALUES (24, 5);
INSERT INTO property_safety_mapping (property_id, safety_id) VALUES (24, 3);
INSERT INTO property_safety_mapping (property_id, safety_id) VALUES (24, 6);
INSERT INTO property_safety_mapping (property_id, safety_id) VALUES (25, 2);
INSERT INTO property_safety_mapping (property_id, safety_id) VALUES (25, 6);
INSERT INTO property_safety_mapping (property_id, safety_id) VALUES (25, 7);
INSERT INTO property_safety_mapping (property_id, safety_id) VALUES (26, 7);
INSERT INTO property_safety_mapping (property_id, safety_id) VALUES (26, 3);
INSERT INTO property_safety_mapping (property_id, safety_id) VALUES (26, 1);
INSERT INTO property_safety_mapping (property_id, safety_id) VALUES (27, 4);
INSERT INTO property_safety_mapping (property_id, safety_id) VALUES (27, 3);
INSERT INTO property_safety_mapping (property_id, safety_id) VALUES (28, 7);
INSERT INTO property_safety_mapping (property_id, safety_id) VALUES (28, 3);
INSERT INTO property_safety_mapping (property_id, safety_id) VALUES (29, 5);
INSERT INTO property_safety_mapping (property_id, safety_id) VALUES (29, 4);
INSERT INTO property_safety_mapping (property_id, safety_id) VALUES (29, 7);
INSERT INTO property_safety_mapping (property_id, safety_id) VALUES (30, 6);
INSERT INTO property_safety_mapping (property_id, safety_id) VALUES (30, 3);
INSERT INTO property_safety_mapping (property_id, safety_id) VALUES (30, 2);